{"navigationStyle":"custom","navigationBarTitleText":"","enablePullDownRefresh":false,"usingComponents":{"navbar":"/components/navbar/navbar","ads":"/components/ads/ads","give-reward":"/components/giveReward/giveReward","bgmusic":"/components/bgmusic/bgmusic","interstitialad":"/components/interstitialad/interstitialad","article-list":"/components/article/articleList","toolbar":"/components/article/articleToolBar","moredata-title":"/components/article/moredataTitle","mp-html":"/node-modules/mp-html/dist/uni-app/components/mp-html/mp-html","sharearrow":"/pages/article/components/sharearrow","detail-content":"/pages/article/components/detailContent"}}